gene_name	accession	mutation	notes
XlnR	Q5AVS0		Emericella nidulans Xylanolytic transcriptional activator xlnR
XylR_bl	P70928		Bacillus licheniformis Xyl repressor
XylR_cv	Q9A3Y5		Caulobacter vibrioides Xyl repressor
seTAL	Q2EYY5		Saccharothrix espanaensis Tyrosine ammonia-lyase
4CL2	P14913		Petroselinum crispum 4-coumarate--CoA ligase 2
4CL2_ARATH	Q9S725		Arabidopsis thaliana 4-coumarate--CoA ligase 2
SjCHS1_a	MVTVEEIRNAQRSQGPATILAFGTATPSNCITQADYPDYYFRITDSEHMTDLKEKFKRMCEKSMIKKRYMHVTEEFLKENPNMCAYMAPSLDVRQDIVVVEVPKLGKEAASKAIKEWGQPKSKITHLVFCTTSGVDMPGADYQLTKLLGLRPSVKRLMMYQQGCFAGGTVLRLAKDLAENNKGARVLVVCSEITAVTFRGPSDTHLDSLVGQALFGDGAAAMIIGADPDTAVERPIFQLVSAAQTILPDSDGAIDGHLREVGLTFHLLKDVPGIISKNIEKSLVEAFAPVGISDWNSIFWVAHPGGPAILDQVEAKLGLKEEKLRSTRHVLSEYGNMSSACVLFILDEMRKKSVEEGRATTGEGLEWGVLFGFGPGLTVETVVLHSVPLQG*	S208N	Sophora japonica Chalcone synthase 
SjCHS1_b	MVSVQEIRKAQRAEGPANIFAIGTATPPNCVDQSTYPDYYFRITNSEDKTELKEKFQRMCDKSMIKKRYMHLTEEILKENPNVCAYMAPSLDARQDMVVVEVPKLGKEAATKAIKEWGQPKSKITHLIFCTTSGVDMPGADYQLTKLLGLRPYVKRYMMYQQGCFAGGTVLRLAKDLAENNKGARVLVVCSEITAVTFRGPSDTHLDSLVGQALFGDGAAALIVGSDPLPEIEKPIFELVWTAQTIAPDSEGAIDGHLREVGLTFHLLKDVPGLVSKNIDKALVEAFQPLGISDYNSLFWIAHPGGPAILDQIELKLGLKPEKMRATRHVLSEYGNMSSACVLFILDEMRRKSAEDGLKTTGEGLEWGVLFGFGPGLTIETVVLHSVAA*	S208N	Sophora japonica Chalcone synthase 
CHI	P28012		Medicago sativa (Alfalfa) Chalcone--flavanone isomerase 1
ARO4	P32449	K229L	Yeast Phospho-2-dehydro-3-deoxyheptonate aldolase
ARO7	P32178	G141S	yeast Chorismate mutase
ACC1	Q00955	"S659A,S1157A"	yeast Acetyl-CoA carboxylase