gene_name	species	accession	fwd_primer	rev_primer	codon_optimized_sequence	pcr_product
XlnR	Emericella nidulans (strain FGSC A4 / ATCC 38163 / CBS 112.46 / NRRL 194 / M139)	Q5AVS0_uniprot	CGGTCTCATATGTCTACTACTTCTTTGCAACAATTCGCT	CGGTCTCAGGATTTAAGACAAAGCCAAACCAGTACCATCACC	ATGTCTACTACTTCTTTGCAACAATTCGCTACTGCTACTTCTTTCTCTCCATTCTCTAACTCTCAATCTGCTAGAATGTCTCAATCTCAATCTCAAACTATTGGTTTGGATACTTTGGCTGAAGGTTCTCAATACGTTTTGGAACAATTGCAATTGTCTAGAGAAGGTGGTAACTCTGAAAACAACTCTACTTTCAAACCATCTTCTGTTAGAGATTCTTTGGCTGAAGCTAGATCTATGATTAGAAAAAACTCTTCTTCTGCTCCAGTTAGAAGAAGAATTTCTAGAGCTTGTGATCAATGTAACCAATTGAGAACTAAATGTGATGGTCAAAACCCATGTGCTCATTGTATTGAATTCGGTTTGACTTGTGAATACGCTAGAGAAAGAAAAAAAAGAGGTAAAGCTTCTAAAAAAGATATTGCTGCTGCTGCTGCTGCTGCTGGTCATCAAGGTGGTATGGGTAACAGATCTCCAACTGATAGAAGATTGTCTCAAGAACCAGGTGGTAGATACGATTCTGTTTTGGAAGCTTCTAGAGTTCAATCTCATTTGCCAGCTAACGGTTTGTCTTCTATTCATAACACTCAAGCTGCTCATTCTCAACCACCATTGGGTTCTGCTTTGGATGCTTTGCATTTGAACCATTTCACTCAATTGAACGAATCTGGTAGATCTCAAATGCCAGTTTCTGATTTGAGATCTTTGCAAATTTTGCATAACAACCCAAGATCTCCATCTGCTTTGCCACATGGTTTGAACGCTTACAACGATAACACTTTCTCTTTGTTGAACTCTCAAGAACCAAACACTACTTCTTTGAACCATTTCAGATTGGGTAACTCTACTGATAACCCATCTGCTCAATTCTTGGGTTTGTCTCCACCAGCTCAATCTCCAGGTTGGTTGCCATTGCCATCTCCATCTCCAGCTAACTTCCCATCTTTCCCAATGGCTCCATTCTCTGGTACTTCTTTGAGATACCCAGTTTTGCAACCAGTTTTGCCACATATTGCTTCTATTATTCCACAATCTTTGGCTTGTGATTTGTTGGATTTGTACTTCACTTCTTCTTCTTCTTCTCATTTGTCTCCACAATCTCCATACGTTGTTGGTTACATTTTCAGAAAACAATCTTTCTTGCATCCAACTAAACCAAGAGTTTGTTCTCCAGGTTTGTTGGCTTCTATGTTGTGGGTTGGTGCTCAAACTTCTGATGCTCCATTCTTGACTTCTCCACCATCTGCTAGAGGTAGAGTTTGTCAAAAATTGTTGGAATTGACTATTGGTTTGTTAAGACCATTGATTCATGGTCCAGCTTTGGGTGAAGCTTCTCCAAACTACGCTGCTAACATGGTTATTAACGGTGTTGCTTTGGGTGGTTTCGGTGTTTCTATGGATCAATTGGGTGCTCAATCTACTGCTACTGGTGCTGTTGATGATGTTGCTACTTACGTTCATTTGGCTACTGTTGTTTCTGCTTCTGAATACAAAGCTGCTTCTATGAGATGGTGGACTGCTGCTTGGTCTTTGGCTAGAGAATTGAAATTGGGTAGAGAATTGCCACCAAACGCTTCTCAACCAGGTCAAGATGGTGAAAGAGAAAACGAAGGTGATAACCCATCTAAAAGAAACCAATCTTTGCATGGTGGTAACTCTAACGTTAACGTTACTGAAGAAGAAAGAGAAGAAAGAAGAAGATTGTGGTGGTTGTTGTACGCTACTGATAGACATTTGGCTTTGTGTTACAACAGACCATTGACTTTGTTGGATAAAGAATGTTCTCAATTGTTGCAACCAATGAACGATGATTTGTGGCAAGCTGGTGATTTCCCAGCTGCTACTTACAGAGCTGTTGGTCCACCAATTGAATGTACTGGTCATTCTATGTTCGGTTACTTCTTGCCATTGATGACTATTTTGGGTGGTATTATTGATTTGCAACAAGCTAGAGAACATCCAAGATACGGTTTGACTTTCAGATCTGGTCCAGATTTGGATCAATACATTATGGCTATTACTCAACAATTGGATGCTTACGGTCAATCTTTGAAAGATTTCGAAGCTAGATACATTAACTCTTTGGCTTTGGCTGAAAACGAACCACCAGAAAACCCACATATTGATCATTTGTCTCCATCTGGTAGATCTTCTTCTACTGTTGGTTCTAGAGTTAACGAATCTATTGTTCATACTAAAATGGTTGTTGCTTACGGTACTCATATTATGCATGTTTTGTACGTTTTGTTGGCTGGTAAATGGGATCCAATTAACTTGTTGGAAGATCATGATATGTGGATTTCTTCTGAATCTTTCTTGGCTGCTATGTCTCATGCTGTTGGTGCTGCTGAAGCTGCTGCTGATATTTTGGAATACGATCCAGATTTGTCTTTCATGCCATTCTTCTTCGGTATTTACTTGTTGCAAGGTTCTTTCTTGTTGTTGTTGGCTGCTGATAAATTGCAAGGTGATGCTAACCCATCTGTTGTTAGAGCTTGTGAAACTATTGTTAGAGCTCATGAAGCTTGTGTTGTTACTTTGAACACTGAATACCAAAGAACTTTCAGAAAAGTTATGAGATCTGCTTTGGCTCAAGTTAGAGGTAGAGTTCCAGATGATTTCGGTGAACAACAACAAAGAAGAAGAGAAGTTTTGTCTTTGTACAGATGGACTGGTGATGGTACTGGTTTGGCTTTGTCTTAA	CGGTCTCATATGTCTACTACTTCTTTGCAACAATTCGCTACTGCTACTTCTTTCTCTCCATTCTCTAACTCTCAATCTGCTAGAATGTCTCAATCTCAATCTCAAACTATTGGTTTGGATACTTTGGCTGAAGGTTCTCAATACGTTTTGGAACAATTGCAATTGTCTAGAGAAGGTGGTAACTCTGAAAACAACTCTACTTTCAAACCATCTTCTGTTAGAGATTCTTTGGCTGAAGCTAGATCTATGATTAGAAAAAACTCTTCTTCTGCTCCAGTTAGAAGAAGAATTTCTAGAGCTTGTGATCAATGTAACCAATTGAGAACTAAATGTGATGGTCAAAACCCATGTGCTCATTGTATTGAATTCGGTTTGACTTGTGAATACGCTAGAGAAAGAAAAAAAAGAGGTAAAGCTTCTAAAAAAGATATTGCTGCTGCTGCTGCTGCTGCTGGTCATCAAGGTGGTATGGGTAACAGATCTCCAACTGATAGAAGATTGTCTCAAGAACCAGGTGGTAGATACGATTCTGTTTTGGAAGCTTCTAGAGTTCAATCTCATTTGCCAGCTAACGGTTTGTCTTCTATTCATAACACTCAAGCTGCTCATTCTCAACCACCATTGGGTTCTGCTTTGGATGCTTTGCATTTGAACCATTTCACTCAATTGAACGAATCTGGTAGATCTCAAATGCCAGTTTCTGATTTGAGATCTTTGCAAATTTTGCATAACAACCCAAGATCTCCATCTGCTTTGCCACATGGTTTGAACGCTTACAACGATAACACTTTCTCTTTGTTGAACTCTCAAGAACCAAACACTACTTCTTTGAACCATTTCAGATTGGGTAACTCTACTGATAACCCATCTGCTCAATTCTTGGGTTTGTCTCCACCAGCTCAATCTCCAGGTTGGTTGCCATTGCCATCTCCATCTCCAGCTAACTTCCCATCTTTCCCAATGGCTCCATTCTCTGGTACTTCTTTGAGATACCCAGTTTTGCAACCAGTTTTGCCACATATTGCTTCTATTATTCCACAATCTTTGGCTTGTGATTTGTTGGATTTGTACTTCACTTCTTCTTCTTCTTCTCATTTGTCTCCACAATCTCCATACGTTGTTGGTTACATTTTCAGAAAACAATCTTTCTTGCATCCAACTAAACCAAGAGTTTGTTCTCCAGGTTTGTTGGCTTCTATGTTGTGGGTTGGTGCTCAAACTTCTGATGCTCCATTCTTGACTTCTCCACCATCTGCTAGAGGTAGAGTTTGTCAAAAATTGTTGGAATTGACTATTGGTTTGTTAAGACCATTGATTCATGGTCCAGCTTTGGGTGAAGCTTCTCCAAACTACGCTGCTAACATGGTTATTAACGGTGTTGCTTTGGGTGGTTTCGGTGTTTCTATGGATCAATTGGGTGCTCAATCTACTGCTACTGGTGCTGTTGATGATGTTGCTACTTACGTTCATTTGGCTACTGTTGTTTCTGCTTCTGAATACAAAGCTGCTTCTATGAGATGGTGGACTGCTGCTTGGTCTTTGGCTAGAGAATTGAAATTGGGTAGAGAATTGCCACCAAACGCTTCTCAACCAGGTCAAGATGGTGAAAGAGAAAACGAAGGTGATAACCCATCTAAAAGAAACCAATCTTTGCATGGTGGTAACTCTAACGTTAACGTTACTGAAGAAGAAAGAGAAGAAAGAAGAAGATTGTGGTGGTTGTTGTACGCTACTGATAGACATTTGGCTTTGTGTTACAACAGACCATTGACTTTGTTGGATAAAGAATGTTCTCAATTGTTGCAACCAATGAACGATGATTTGTGGCAAGCTGGTGATTTCCCAGCTGCTACTTACAGAGCTGTTGGTCCACCAATTGAATGTACTGGTCATTCTATGTTCGGTTACTTCTTGCCATTGATGACTATTTTGGGTGGTATTATTGATTTGCAACAAGCTAGAGAACATCCAAGATACGGTTTGACTTTCAGATCTGGTCCAGATTTGGATCAATACATTATGGCTATTACTCAACAATTGGATGCTTACGGTCAATCTTTGAAAGATTTCGAAGCTAGATACATTAACTCTTTGGCTTTGGCTGAAAACGAACCACCAGAAAACCCACATATTGATCATTTGTCTCCATCTGGTAGATCTTCTTCTACTGTTGGTTCTAGAGTTAACGAATCTATTGTTCATACTAAAATGGTTGTTGCTTACGGTACTCATATTATGCATGTTTTGTACGTTTTGTTGGCTGGTAAATGGGATCCAATTAACTTGTTGGAAGATCATGATATGTGGATTTCTTCTGAATCTTTCTTGGCTGCTATGTCTCATGCTGTTGGTGCTGCTGAAGCTGCTGCTGATATTTTGGAATACGATCCAGATTTGTCTTTCATGCCATTCTTCTTCGGTATTTACTTGTTGCAAGGTTCTTTCTTGTTGTTGTTGGCTGCTGATAAATTGCAAGGTGATGCTAACCCATCTGTTGTTAGAGCTTGTGAAACTATTGTTAGAGCTCATGAAGCTTGTGTTGTTACTTTGAACACTGAATACCAAAGAACTTTCAGAAAAGTTATGAGATCTGCTTTGGCTCAAGTTAGAGGTAGAGTTCCAGATGATTTCGGTGAACAACAACAAAGAAGAAGAGAAGTTTTGTCTTTGTACAGATGGACTGGTGATGGTACTGGTTTGGCTTTGTCTTAAATCCTGAGACCG
XylR_bl	Bacillus licheniformis	P70928_uniprot	CGGTCTCATATGATTGATATTGAATACGCTGATCAAGCT	CGGTCTCAGGATTTAGAATCTTTCGTTCATGAATCTTTCCAA	ATGATTGATATTGAATACGCTGATCAAGCTTTGGTTAAAAAAATGAACAAAGCTTTGATTTTCGAACAAATTATTGAAAACGGTCCAGTTTCTAGAGCTAAATTGTCTGAAATTACTGGTTTGAACAAAGCTACTGTTTCTTCTCAAGTTTCTTCTTTGTTGCAAAAAGATATTATTTACGAAACTGGTCCAGGTGAATCTTCTGGTGGTAGAAGACCAGTTATGTTGAAATTCAACAGAAAAGCTGGTTACGCTGTTGGTGTTGATGTTGGTACTAACTACATTATTGTTGCTTTGACTGATTTGGAAGGTCATTTGATTGAACAATTCGAAAGAACTTTGGATGAAGAAGATATTCAAGCTACTGAAGAAGCTTTGATTGAATTGACTGGTTTGCCAGTTGATAAAATTCCACCATCTCCATTCGGTTTGACTGGTATTGGTGTTTGTGTTCCAGGTTTGGTTGATAACGAAAGACATGTTGTTTTCACTCCAAACAAACCAATTCATTTGATTCCAATTAAAGAAAAATTGGAAGAAAGATTCGGTGTTCCAATTTTGATTGAAAACGAAGCTAACGCTGGTGCTGTTGCTGAAAAAGAATACGGTGAAGGTGGTCAATTGGAACATGCTGTTTTCGTTTCTATTAACACTGGTATTGGTTTGGGTATTTTGATGAACGGTAAATTGTTCAGAGGTGTTCAAGGTTTCTCTGGTGAAGCTGGTCATATGTCTATTCATTTCGATGGTCCATTGTGTAGATGTGGTAACAGAGGTTGTTGGGAATTGTACGCTTCTGAAAAAGCTGTTTTCTCTCATTACGCTGCTAACTCTGGTGCTCAATTGTACGAAACTGTTAAAGAATTGGCTGATAGAGGTGATCCAGGTATGATGGAAACTTTCGAAAGATTCGGTTTCCATATTGGTATTGGTTTGTTGAACATTTTGAAAACTTTGAACCCAGATACTATTATTTTGAGAAACACTATTGTTGAATCTTACCCATCTATTGTTGATGCTATTAAAAAAACTATTGCTTCTAGATCTGCTGCTGAAGCTTTGTCTAACTACCATTTGAAAATTTCTACTTTGGGTAGAACTGCTTCTGCTTTGGGTATGTCTTCTTTGGTTACTGAAAGATTCTTGGAAAGATTCATGAACGAAAGATTCTAA	CGGTCTCATATGATTGATATTGAATACGCTGATCAAGCTTTGGTTAAAAAAATGAACAAAGCTTTGATTTTCGAACAAATTATTGAAAACGGTCCAGTTTCTAGAGCTAAATTGTCTGAAATTACTGGTTTGAACAAAGCTACTGTTTCTTCTCAAGTTTCTTCTTTGTTGCAAAAAGATATTATTTACGAAACTGGTCCAGGTGAATCTTCTGGTGGTAGAAGACCAGTTATGTTGAAATTCAACAGAAAAGCTGGTTACGCTGTTGGTGTTGATGTTGGTACTAACTACATTATTGTTGCTTTGACTGATTTGGAAGGTCATTTGATTGAACAATTCGAAAGAACTTTGGATGAAGAAGATATTCAAGCTACTGAAGAAGCTTTGATTGAATTGACTGGTTTGCCAGTTGATAAAATTCCACCATCTCCATTCGGTTTGACTGGTATTGGTGTTTGTGTTCCAGGTTTGGTTGATAACGAAAGACATGTTGTTTTCACTCCAAACAAACCAATTCATTTGATTCCAATTAAAGAAAAATTGGAAGAAAGATTCGGTGTTCCAATTTTGATTGAAAACGAAGCTAACGCTGGTGCTGTTGCTGAAAAAGAATACGGTGAAGGTGGTCAATTGGAACATGCTGTTTTCGTTTCTATTAACACTGGTATTGGTTTGGGTATTTTGATGAACGGTAAATTGTTCAGAGGTGTTCAAGGTTTCTCTGGTGAAGCTGGTCATATGTCTATTCATTTCGATGGTCCATTGTGTAGATGTGGTAACAGAGGTTGTTGGGAATTGTACGCTTCTGAAAAAGCTGTTTTCTCTCATTACGCTGCTAACTCTGGTGCTCAATTGTACGAAACTGTTAAAGAATTGGCTGATAGAGGTGATCCAGGTATGATGGAAACTTTCGAAAGATTCGGTTTCCATATTGGTATTGGTTTGTTGAACATTTTGAAAACTTTGAACCCAGATACTATTATTTTGAGAAACACTATTGTTGAATCTTACCCATCTATTGTTGATGCTATTAAAAAAACTATTGCTTCTAGATCTGCTGCTGAAGCTTTGTCTAACTACCATTTGAAAATTTCTACTTTGGGTAGAACTGCTTCTGCTTTGGGTATGTCTTCTTTGGTTACTGAAAGATTCTTGGAAAGATTCATGAACGAAAGATTCTAAATCCTGAGACCG
XylR_cv	Caulobacter vibrioides (strain ATCC 19089 / CIP 103742 / CB 15)	Q9A3Y5_uniprot	CGGTCTCATATGAACCAACCAGTTGAAAGACAAAGAAGA	CGGTCTCAGGATTTAAACACCAGCTGGACCAGAAGAATCTC	ATGAACCAACCAGTTGAAAGACAAAGAAGAAGAACTACTCAATCTGCTACTATTAGAGATGTTGCTGCTAGAGCTGGTGTTTCTCCAATGACTGTTTCTAGAGTTATTAACAGAGAATCTACTGTTAAAGAAGAAACTAGACAATTGGTTGAAAAAGCTATTGCTGATTTGAACTACGCTCCAAACCCAGCTGCTAGATCTTTGGCTGGTTCTGCTCCATTCAGAATTGGTTTGTTGTACGATAACCCATCTACTGGTTACTTGTCTGAATTCTTGGTTGGTGCTTTGGATGAATCTTCTAGAACTGGTGCTCAAATTGTTATTGAAAAATGTGCTGAACCAGAATTGGCTAGAGCTACTTTGGCTAGATTGTTGAAAACTGGTGTTGATGGTTTGATTTTGCCACCACCATTGTGTGAATCTCCAGAAGTTTTGGCTGAAATTAGAGCTGCTGGTGCTGCTGCTGTTGCTGTTGCTCCAGGTACTGCTTCTGCTGATATGGCTACTATTAGAATTGATAACGAAGCTGCTGCTTTCGAATTGACTCAACATTTGATTGGTTTGGGTCATAAAAGATTCGGTTTCATTAAAGGTCATCCAAACCAAACTGTTTCTCAACAAAGATTGGATGGTTTCATGACTGCTTTGAAAGCTGCTGGTATTCCACAAGAAAACATTAGAGTTGAACAAGGTTACTTCACTTACAGATCTGGTTTGGAAGCTGCTGAAAGATTGTTGGCTGCTGAACCAAGACCAACTGCTATTTTCGCTGCTAACGATGATATGGCTGCTGCTACTGCTGGTGTTGCTCATAGATTGGGTTTGGATGTTCCAGGTGATGTTTCTATTGTTGGTTTCGATGATACTTCTATTGCTGATAACATTTGGCCACCATTGACTACTGTTCATCAACCAATTGCTGCTATGGCTAGAGCTGCTGTTGATTTGGTTTTGGAAGAAATTAGAAGACATAGAGATGGTGGTGGTGAACCAAGACAATTGATGCATCCACATACTTTGATTGTTAGAGATTCTTCTGGTCCAGCTGGTGTTTAA	CGGTCTCATATGAACCAACCAGTTGAAAGACAAAGAAGAAGAACTACTCAATCTGCTACTATTAGAGATGTTGCTGCTAGAGCTGGTGTTTCTCCAATGACTGTTTCTAGAGTTATTAACAGAGAATCTACTGTTAAAGAAGAAACTAGACAATTGGTTGAAAAAGCTATTGCTGATTTGAACTACGCTCCAAACCCAGCTGCTAGATCTTTGGCTGGTTCTGCTCCATTCAGAATTGGTTTGTTGTACGATAACCCATCTACTGGTTACTTGTCTGAATTCTTGGTTGGTGCTTTGGATGAATCTTCTAGAACTGGTGCTCAAATTGTTATTGAAAAATGTGCTGAACCAGAATTGGCTAGAGCTACTTTGGCTAGATTGTTGAAAACTGGTGTTGATGGTTTGATTTTGCCACCACCATTGTGTGAATCTCCAGAAGTTTTGGCTGAAATTAGAGCTGCTGGTGCTGCTGCTGTTGCTGTTGCTCCAGGTACTGCTTCTGCTGATATGGCTACTATTAGAATTGATAACGAAGCTGCTGCTTTCGAATTGACTCAACATTTGATTGGTTTGGGTCATAAAAGATTCGGTTTCATTAAAGGTCATCCAAACCAAACTGTTTCTCAACAAAGATTGGATGGTTTCATGACTGCTTTGAAAGCTGCTGGTATTCCACAAGAAAACATTAGAGTTGAACAAGGTTACTTCACTTACAGATCTGGTTTGGAAGCTGCTGAAAGATTGTTGGCTGCTGAACCAAGACCAACTGCTATTTTCGCTGCTAACGATGATATGGCTGCTGCTACTGCTGGTGTTGCTCATAGATTGGGTTTGGATGTTCCAGGTGATGTTTCTATTGTTGGTTTCGATGATACTTCTATTGCTGATAACATTTGGCCACCATTGACTACTGTTCATCAACCAATTGCTGCTATGGCTAGAGCTGCTGTTGATTTGGTTTTGGAAGAAATTAGAAGACATAGAGATGGTGGTGGTGAACCAAGACAATTGATGCATCCACATACTTTGATTGTTAGAGATTCTTCTGGTCCAGCTGGTGTTTAAATCCTGAGACCG
seTAL	Saccharothrix espanaensis	Q2EYY5_uniprot	CGGTCTCATATGACTCAAGTTGTTGAAAGACAAGCTGAT	CGGTCTCAGGATTTAACCGAAATCTTTACCATCAGCTTCATC	ATGACTCAAGTTGTTGAAAGACAAGCTGATAGATTGTCTTCTAGAGAATACTTGGCTAGAGTTGTTAGATCTGCTGGTTGGGATGCTGGTTTGACTTCTTGTACTGATGAAGAAATTGTTAGAATGGGTGCTTCTGCTAGAACTATTGAAGAATACTTGAAATCTGATAAACCAATTTACGGTTTGACTCAAGGTTTCGGTCCATTGGTTTTGTTCGATGCTGATTCTGAATTGGAACAAGGTGGTTCTTTGATTTCTCATTTGGGTACTGGTCAAGGTGCTCCATTGGCTCCAGAAGTTTCTAGATTGATTTTGTGGTTGAGAATTCAAAACATGAGAAAAGGTTACTCTGCTGTTTCTCCAGTTTTCTGGCAAAAATTGGCTGATTTGTGGAACAAAGGTTTCACTCCAGCTATTCCAAGACATGGTACTGTTTCTGCTTCTGGTGATTTGCAACCATTGGCTCATGCTGCTTTGGCTTTCACTGGTGTTGGTGAAGCTTGGACTAGAGATGCTGATGGTAGATGGTCTACTGTTCCAGCTGTTGATGCTTTGGCTGCTTTGGGTGCTGAACCATTCGATTGGCCAGTTAGAGAAGCTTTGGCTTTCGTTAACGGTACTGGTGCTTCTTTGGCTGTTGCTGTTTTGAACCATAGATCTGCTTTGAGATTGGTTAGAGCTTGTGCTGTTTTGTCTGCTAGATTGGCTACTTTGTTGGGTGCTAACCCAGAACATTACGATGTTGGTCATGGTGTTGCTAGAGGTCAAGTTGGTCAATTGACTGCTGCTGAATGGATTAGACAAGGTTTGCCAAGAGGTATGGTTAGAGATGGTTCTAGACCATTGCAAGAACCATACTCTTTGAGATGTGCTCCACAAGTTTTGGGTGCTGTTTTGGATCAATTGGATGGTGCTGGTGATGTTTTGGCTAGAGAAGTTGATGGTTGTCAAGATAACCCAATTACTTACGAAGGTGAATTGTTGCATGGTGGTAACTTCCATGCTATGCCAGTTGGTTTCGCTTCTGATCAAATTGGTTTGGCTATGCATATGGCTGCTTACTTGGCTGAAAGACAATTGGGTTTGTTGGTTTCTCCAGTTACTAACGGTGATTTGCCACCAATGTTGACTCCAAGAGCTGGTAGAGGTGCTGGTTTGGCTGGTGTTCAAATTTCTGCTACTTCTTTCGTTTCTAGAATTAGACAATTGGTTTTCCCAGCTTCTTTGACTACTTTGCCAACTAACGGTTGGAACCAAGATCATGTTCCAATGGCTTTGAACGGTGCTAACTCTGTTTTCGAAGCTTTGGAATTGGGTTGGTTGACTGTTGGTTCTTTGGCTGTTGGTGTTGCTCAATTGGCTGCTATGACTGGTCATGCTGCTGAAGGTGTTTGGGCTGAATTGGCTGGTATTTGTCCACCATTGGATGCTGATAGACCATTGGGTGCTGAAGTTAGAGCTGCTAGAGATTTGTTGTCTGCTCATGCTGATCAATTGTTGGTTGATGAAGCTGATGGTAAAGATTTCGGTTAA	CGGTCTCATATGACTCAAGTTGTTGAAAGACAAGCTGATAGATTGTCTTCTAGAGAATACTTGGCTAGAGTTGTTAGATCTGCTGGTTGGGATGCTGGTTTGACTTCTTGTACTGATGAAGAAATTGTTAGAATGGGTGCTTCTGCTAGAACTATTGAAGAATACTTGAAATCTGATAAACCAATTTACGGTTTGACTCAAGGTTTCGGTCCATTGGTTTTGTTCGATGCTGATTCTGAATTGGAACAAGGTGGTTCTTTGATTTCTCATTTGGGTACTGGTCAAGGTGCTCCATTGGCTCCAGAAGTTTCTAGATTGATTTTGTGGTTGAGAATTCAAAACATGAGAAAAGGTTACTCTGCTGTTTCTCCAGTTTTCTGGCAAAAATTGGCTGATTTGTGGAACAAAGGTTTCACTCCAGCTATTCCAAGACATGGTACTGTTTCTGCTTCTGGTGATTTGCAACCATTGGCTCATGCTGCTTTGGCTTTCACTGGTGTTGGTGAAGCTTGGACTAGAGATGCTGATGGTAGATGGTCTACTGTTCCAGCTGTTGATGCTTTGGCTGCTTTGGGTGCTGAACCATTCGATTGGCCAGTTAGAGAAGCTTTGGCTTTCGTTAACGGTACTGGTGCTTCTTTGGCTGTTGCTGTTTTGAACCATAGATCTGCTTTGAGATTGGTTAGAGCTTGTGCTGTTTTGTCTGCTAGATTGGCTACTTTGTTGGGTGCTAACCCAGAACATTACGATGTTGGTCATGGTGTTGCTAGAGGTCAAGTTGGTCAATTGACTGCTGCTGAATGGATTAGACAAGGTTTGCCAAGAGGTATGGTTAGAGATGGTTCTAGACCATTGCAAGAACCATACTCTTTGAGATGTGCTCCACAAGTTTTGGGTGCTGTTTTGGATCAATTGGATGGTGCTGGTGATGTTTTGGCTAGAGAAGTTGATGGTTGTCAAGATAACCCAATTACTTACGAAGGTGAATTGTTGCATGGTGGTAACTTCCATGCTATGCCAGTTGGTTTCGCTTCTGATCAAATTGGTTTGGCTATGCATATGGCTGCTTACTTGGCTGAAAGACAATTGGGTTTGTTGGTTTCTCCAGTTACTAACGGTGATTTGCCACCAATGTTGACTCCAAGAGCTGGTAGAGGTGCTGGTTTGGCTGGTGTTCAAATTTCTGCTACTTCTTTCGTTTCTAGAATTAGACAATTGGTTTTCCCAGCTTCTTTGACTACTTTGCCAACTAACGGTTGGAACCAAGATCATGTTCCAATGGCTTTGAACGGTGCTAACTCTGTTTTCGAAGCTTTGGAATTGGGTTGGTTGACTGTTGGTTCTTTGGCTGTTGGTGTTGCTCAATTGGCTGCTATGACTGGTCATGCTGCTGAAGGTGTTTGGGCTGAATTGGCTGGTATTTGTCCACCATTGGATGCTGATAGACCATTGGGTGCTGAAGTTAGAGCTGCTAGAGATTTGTTGTCTGCTCATGCTGATCAATTGTTGGTTGATGAAGCTGATGGTAAAGATTTCGGTTAAATCCTGAGACCG
4CL2	Petroselinum crispum	P14913_uniprot	CGGTCTCATATGGGTGATTGTGTTGCTCCAAAAGAAGAT	CGGTCTCAGGATTTATTTTGGCAAATCACCAGAAGCAATTTT	ATGGGTGATTGTGTTGCTCCAAAAGAAGATTTGATTTTCAGATCTAAATTGCCAGATATTTACATTCCAAAACATTTGCCATTGCATACTTACTGTTTCGAAAACATTTCTAAAGTTGGTGATAAATCTTGTTTGATTAACGGTGCTACTGGTGAAACTTTCACTTACTCTCAAGTTGAATTGTTGTCTAGAAAAGTTGCTTCTGGTTTGAACAAATTGGGTATTCAACAAGGTGATACTATTATGTTGTTGTTGCCAAACTCTCCAGAATACTTCTTCGCTTTCTTGGGTGCTTCTTACAGAGGTGCTATTTCTACTATGGCTAACCCATTCTTCACTTCTGCTGAAGTTATTAAACAATTGAAAGCTTCTTTGGCTAAATTGATTATTACTCAAGCTTGTTACGTTGATAAAGTTAAAGATTACGCTGCTGAAAAAAACATTCAAATTATTTGTATTGATGATGCTCCACAAGATTGTTTGCATTTCTCTAAATTGATGGAAGCTGATGAATCTGAAATGCCAGAAGTTGTTATTGATTCTGATGATGTTGTTGCTTTGCCATACTCTTCTGGTACTACTGGTTTGCCAAAAGGTGTTATGTTGACTCATAAAGGTTTGGTTACTTCTGTTGCTCAACAAGTTGATGGTGATAACCCAAACTTGTACATGCATTCTGAAGATGTTATGATTTGTATTTTGCCATTGTTCCATATTTACTCTTTGAACGCTGTTTTGTGTTGTGGTTTGAGAGCTGGTGTTACTATTTTGATTATGCAAAAATTCGATATTGTTCCATTCTTGGAATTGATTCAAAAATACAAAGTTACTATTGGTCCATTCGTTCCACCAATTGTTTTGGCTATTGCTAAATCTCCAGTTGTTGATAAATACGATTTGTCTTCTGTTAGAACTGTTATGTCTGGTGCTGCTCCATTGGGTAAAGAATTGGAAGATGCTGTTAGAGCTAAATTCCCAAACGCTAAATTGGGTCAAGGTTACGGTATGACTGAAGCTGGTCCAGTTTTGGCTATGTGTTTGGCTTTCGCTAAAGAACCATACGAAATTAAATCTGGTGCTTGTGGTACTGTTGTTAGAAACGCTGAAATGAAAATTGTTGATCCAGAAACTAACGCTTCTTTGCCAAGAAACCAAAGAGGTGAAATTTGTATTAGAGGTGATCAAATTATGAAAGGTTACTTGAACGATCCAGAATCTACTAGAACTACTATTGATGAAGAAGGTTGGTTGCATACTGGTGATATTGGTTTCATTGATGATGATGATGAATTGTTCATTGTTGATAGATTGAAAGAAATTATTAAATACAAAGGTTTCCAAGTTGCTCCAGCTGAATTGGAAGCTTTGTTGTTGACTCATCCAACTATTTCTGATGCTGCTGTTGTTCCAATGATTGATGAAAAAGCTGGTGAAGTTCCAGTTGCTTTCGTTGTTAGAACTAACGGTTTCACTACTACTGAAGAAGAAATTAAACAATTCGTTTCTAAACAAGTTGTTTTCTACAAAAGAATTTTCAGAGTTTTCTTCGTTGATGCTATTCCAAAATCTCCATCTGGTAAAATTTTGAGAAAAGATTTGAGAGCTAAAATTGCTTCTGGTGATTTGCCAAAATAA	CGGTCTCATATGGGTGATTGTGTTGCTCCAAAAGAAGATTTGATTTTCAGATCTAAATTGCCAGATATTTACATTCCAAAACATTTGCCATTGCATACTTACTGTTTCGAAAACATTTCTAAAGTTGGTGATAAATCTTGTTTGATTAACGGTGCTACTGGTGAAACTTTCACTTACTCTCAAGTTGAATTGTTGTCTAGAAAAGTTGCTTCTGGTTTGAACAAATTGGGTATTCAACAAGGTGATACTATTATGTTGTTGTTGCCAAACTCTCCAGAATACTTCTTCGCTTTCTTGGGTGCTTCTTACAGAGGTGCTATTTCTACTATGGCTAACCCATTCTTCACTTCTGCTGAAGTTATTAAACAATTGAAAGCTTCTTTGGCTAAATTGATTATTACTCAAGCTTGTTACGTTGATAAAGTTAAAGATTACGCTGCTGAAAAAAACATTCAAATTATTTGTATTGATGATGCTCCACAAGATTGTTTGCATTTCTCTAAATTGATGGAAGCTGATGAATCTGAAATGCCAGAAGTTGTTATTGATTCTGATGATGTTGTTGCTTTGCCATACTCTTCTGGTACTACTGGTTTGCCAAAAGGTGTTATGTTGACTCATAAAGGTTTGGTTACTTCTGTTGCTCAACAAGTTGATGGTGATAACCCAAACTTGTACATGCATTCTGAAGATGTTATGATTTGTATTTTGCCATTGTTCCATATTTACTCTTTGAACGCTGTTTTGTGTTGTGGTTTGAGAGCTGGTGTTACTATTTTGATTATGCAAAAATTCGATATTGTTCCATTCTTGGAATTGATTCAAAAATACAAAGTTACTATTGGTCCATTCGTTCCACCAATTGTTTTGGCTATTGCTAAATCTCCAGTTGTTGATAAATACGATTTGTCTTCTGTTAGAACTGTTATGTCTGGTGCTGCTCCATTGGGTAAAGAATTGGAAGATGCTGTTAGAGCTAAATTCCCAAACGCTAAATTGGGTCAAGGTTACGGTATGACTGAAGCTGGTCCAGTTTTGGCTATGTGTTTGGCTTTCGCTAAAGAACCATACGAAATTAAATCTGGTGCTTGTGGTACTGTTGTTAGAAACGCTGAAATGAAAATTGTTGATCCAGAAACTAACGCTTCTTTGCCAAGAAACCAAAGAGGTGAAATTTGTATTAGAGGTGATCAAATTATGAAAGGTTACTTGAACGATCCAGAATCTACTAGAACTACTATTGATGAAGAAGGTTGGTTGCATACTGGTGATATTGGTTTCATTGATGATGATGATGAATTGTTCATTGTTGATAGATTGAAAGAAATTATTAAATACAAAGGTTTCCAAGTTGCTCCAGCTGAATTGGAAGCTTTGTTGTTGACTCATCCAACTATTTCTGATGCTGCTGTTGTTCCAATGATTGATGAAAAAGCTGGTGAAGTTCCAGTTGCTTTCGTTGTTAGAACTAACGGTTTCACTACTACTGAAGAAGAAATTAAACAATTCGTTTCTAAACAAGTTGTTTTCTACAAAAGAATTTTCAGAGTTTTCTTCGTTGATGCTATTCCAAAATCTCCATCTGGTAAAATTTTGAGAAAAGATTTGAGAGCTAAAATTGCTTCTGGTGATTTGCCAAAATAAATCCTGAGACCG
4CL2_ARATH	Arabidopsis thaliana	Q9S725_uniprot	CGGTCTCATATGACTACTCAAGATGTTATTGTTAACGAT	CGGTCTCAGGATTTAGTTCATCAAACCGTTAGCCAATCTAGC	ATGACTACTCAAGATGTTATTGTTAACGATCAAAACGATCAAAAACAATGTTCTAACGATGTTATTTTCAGATCTAGATTGCCAGATATTTACATTCCAAACCATTTGCCATTGCATGATTACATTTTCGAAAACATTTCTGAATTCGCTGCTAAACCATGTTTGATTAACGGTCCAACTGGTGAAGTTTACACTTACGCTGATGTTCATGTTACTTCTAGAAAATTGGCTGCTGGTTTGCATAACTTGGGTGTTAAACAACATGATGTTGTTATGATTTTGTTGCCAAACTCTCCAGAAGTTGTTTTGACTTTCTTGGCTGCTTCTTTCATTGGTGCTATTACTACTTCTGCTAACCCATTCTTCACTCCAGCTGAAATTTCTAAACAAGCTAAAGCTTCTGCTGCTAAATTGATTGTTACTCAATCTAGATACGTTGATAAAATTAAAAACTTGCAAAACGATGGTGTTTTGATTGTTACTACTGATTCTGATGCTATTCCAGAAAACTGTTTGAGATTCTCTGAATTGACTCAATCTGAAGAACCAAGAGTTGATTCTATTCCAGAAAAAATTTCTCCAGAAGATGTTGTTGCTTTGCCATTCTCTTCTGGTACTACTGGTTTGCCAAAAGGTGTTATGTTGACTCATAAAGGTTTGGTTACTTCTGTTGCTCAACAAGTTGATGGTGAAAACCCAAACTTGTACTTCAACAGAGATGATGTTATTTTGTGTGTTTTGCCAATGTTCCATATTTACGCTTTGAACTCTATTATGTTGTGTTCTTTGAGAGTTGGTGCTACTATTTTGATTATGCCAAAATTCGAAATTACTTTGTTGTTGGAACAAATTCAAAGATGTAAAGTTACTGTTGCTATGGTTGTTCCACCAATTGTTTTGGCTATTGCTAAATCTCCAGAAACTGAAAAATACGATTTGTCTTCTGTTAGAATGGTTAAATCTGGTGCTGCTCCATTGGGTAAAGAATTGGAAGATGCTATTTCTGCTAAATTCCCAAACGCTAAATTGGGTCAAGGTTACGGTATGACTGAAGCTGGTCCAGTTTTGGCTATGTCTTTGGGTTTCGCTAAAGAACCATTCCCAGTTAAATCTGGTGCTTGTGGTACTGTTGTTAGAAACGCTGAAATGAAAATTTTGGATCCAGATACTGGTGATTCTTTGCCAAGAAACAAACCAGGTGAAATTTGTATTAGAGGTAACCAAATTATGAAAGGTTACTTGAACGATCCATTGGCTACTGCTTCTACTATTGATAAAGATGGTTGGTTGCATACTGGTGATGTTGGTTTCATTGATGATGATGATGAATTGTTCATTGTTGATAGATTGAAAGAATTGATTAAATACAAAGGTTTCCAAGTTGCTCCAGCTGAATTGGAATCTTTGTTGATTGGTCATCCAGAAATTAACGATGTTGCTGTTGTTGCTATGAAAGAAGAAGATGCTGGTGAAGTTCCAGTTGCTTTCGTTGTTAGATCTAAAGATTCTAACATTTCTGAAGATGAAATTAAACAATTCGTTTCTAAACAAGTTGTTTTCTACAAAAGAATTAACAAAGTTTTCTTCACTGATTCTATTCCAAAAGCTCCATCTGGTAAAATTTTGAGAAAAGATTTGAGAGCTAGATTGGCTAACGGTTTGATGAACTAA	CGGTCTCATATGACTACTCAAGATGTTATTGTTAACGATCAAAACGATCAAAAACAATGTTCTAACGATGTTATTTTCAGATCTAGATTGCCAGATATTTACATTCCAAACCATTTGCCATTGCATGATTACATTTTCGAAAACATTTCTGAATTCGCTGCTAAACCATGTTTGATTAACGGTCCAACTGGTGAAGTTTACACTTACGCTGATGTTCATGTTACTTCTAGAAAATTGGCTGCTGGTTTGCATAACTTGGGTGTTAAACAACATGATGTTGTTATGATTTTGTTGCCAAACTCTCCAGAAGTTGTTTTGACTTTCTTGGCTGCTTCTTTCATTGGTGCTATTACTACTTCTGCTAACCCATTCTTCACTCCAGCTGAAATTTCTAAACAAGCTAAAGCTTCTGCTGCTAAATTGATTGTTACTCAATCTAGATACGTTGATAAAATTAAAAACTTGCAAAACGATGGTGTTTTGATTGTTACTACTGATTCTGATGCTATTCCAGAAAACTGTTTGAGATTCTCTGAATTGACTCAATCTGAAGAACCAAGAGTTGATTCTATTCCAGAAAAAATTTCTCCAGAAGATGTTGTTGCTTTGCCATTCTCTTCTGGTACTACTGGTTTGCCAAAAGGTGTTATGTTGACTCATAAAGGTTTGGTTACTTCTGTTGCTCAACAAGTTGATGGTGAAAACCCAAACTTGTACTTCAACAGAGATGATGTTATTTTGTGTGTTTTGCCAATGTTCCATATTTACGCTTTGAACTCTATTATGTTGTGTTCTTTGAGAGTTGGTGCTACTATTTTGATTATGCCAAAATTCGAAATTACTTTGTTGTTGGAACAAATTCAAAGATGTAAAGTTACTGTTGCTATGGTTGTTCCACCAATTGTTTTGGCTATTGCTAAATCTCCAGAAACTGAAAAATACGATTTGTCTTCTGTTAGAATGGTTAAATCTGGTGCTGCTCCATTGGGTAAAGAATTGGAAGATGCTATTTCTGCTAAATTCCCAAACGCTAAATTGGGTCAAGGTTACGGTATGACTGAAGCTGGTCCAGTTTTGGCTATGTCTTTGGGTTTCGCTAAAGAACCATTCCCAGTTAAATCTGGTGCTTGTGGTACTGTTGTTAGAAACGCTGAAATGAAAATTTTGGATCCAGATACTGGTGATTCTTTGCCAAGAAACAAACCAGGTGAAATTTGTATTAGAGGTAACCAAATTATGAAAGGTTACTTGAACGATCCATTGGCTACTGCTTCTACTATTGATAAAGATGGTTGGTTGCATACTGGTGATGTTGGTTTCATTGATGATGATGATGAATTGTTCATTGTTGATAGATTGAAAGAATTGATTAAATACAAAGGTTTCCAAGTTGCTCCAGCTGAATTGGAATCTTTGTTGATTGGTCATCCAGAAATTAACGATGTTGCTGTTGTTGCTATGAAAGAAGAAGATGCTGGTGAAGTTCCAGTTGCTTTCGTTGTTAGATCTAAAGATTCTAACATTTCTGAAGATGAAATTAAACAATTCGTTTCTAAACAAGTTGTTTTCTACAAAAGAATTAACAAAGTTTTCTTCACTGATTCTATTCCAAAAGCTCCATCTGGTAAAATTTTGAGAAAAGATTTGAGAGCTAGATTGGCTAACGGTTTGATGAACTAAATCCTGAGACCG
SjCHS1_a	unknown organism	aa_seq_input	CGGTCTCATATGGTTACTGTTGAAGAAATTAGAAACGCT	CGGTCTCAGGATTTAACCTTGCAATGGAACAGAATGCAAAAC	ATGGTTACTGTTGAAGAAATTAGAAACGCTCAAAGATCTCAAGGTCCAGCTACTATTTTGGCTTTCGGTACTGCTACTCCATCTAACTGTATTACTCAAGCTGATTACCCAGATTACTACTTCAGAATTACTGATTCTGAACATATGACTGATTTGAAAGAAAAATTCAAAAGAATGTGTGAAAAATCTATGATTAAAAAAAGATACATGCATGTTACTGAAGAATTCTTGAAAGAAAACCCAAACATGTGTGCTTACATGGCTCCATCTTTGGATGTTAGACAAGATATTGTTGTTGTTGAAGTTCCAAAATTGGGTAAAGAAGCTGCTTCTAAAGCTATTAAAGAATGGGGTCAACCAAAATCTAAAATTACTCATTTGGTTTTCTGTACTACTTCTGGTGTTGATATGCCAGGTGCTGATTACCAATTGACTAAATTGTTGGGTTTAAGACCATCTGTTAAAAGATTGATGATGTACCAACAAGGTTGTTTCGCTGGTGGTACTGTTTTGAGATTGGCTAAAGATTTGGCTGAAAACAACAAAGGTGCTAGAGTTTTGGTTGTTTGTTCTGAAATTACTGCTGTTACTTTCAGAGGTCCATCTGATACTCATTTGGATAACTTGGTTGGTCAAGCTTTGTTCGGTGATGGTGCTGCTGCTATGATTATTGGTGCTGATCCAGATACTGCTGTTGAAAGACCAATTTTCCAATTGGTTTCTGCTGCTCAAACTATTTTGCCAGATTCTGATGGTGCTATTGATGGTCATTTGAGAGAAGTTGGTTTGACTTTCCATTTGTTGAAAGATGTTCCAGGTATTATTTCTAAAAACATTGAAAAATCTTTGGTTGAAGCTTTCGCTCCAGTTGGTATTTCTGATTGGAACTCTATTTTCTGGGTTGCTCATCCAGGTGGTCCAGCTATTTTGGATCAAGTTGAAGCTAAATTGGGTTTGAAAGAAGAAAAATTGAGATCTACTAGACATGTTTTGTCTGAATACGGTAACATGTCTTCTGCTTGTGTTTTGTTCATTTTGGATGAAATGAGAAAAAAATCTGTTGAAGAAGGTAGAGCTACTACTGGTGAAGGTTTGGAATGGGGTGTTTTGTTCGGTTTCGGTCCAGGTTTGACTGTTGAAACTGTTGTTTTGCATTCTGTTCCATTGCAAGGTTAA	CGGTCTCATATGGTTACTGTTGAAGAAATTAGAAACGCTCAAAGATCTCAAGGTCCAGCTACTATTTTGGCTTTCGGTACTGCTACTCCATCTAACTGTATTACTCAAGCTGATTACCCAGATTACTACTTCAGAATTACTGATTCTGAACATATGACTGATTTGAAAGAAAAATTCAAAAGAATGTGTGAAAAATCTATGATTAAAAAAAGATACATGCATGTTACTGAAGAATTCTTGAAAGAAAACCCAAACATGTGTGCTTACATGGCTCCATCTTTGGATGTTAGACAAGATATTGTTGTTGTTGAAGTTCCAAAATTGGGTAAAGAAGCTGCTTCTAAAGCTATTAAAGAATGGGGTCAACCAAAATCTAAAATTACTCATTTGGTTTTCTGTACTACTTCTGGTGTTGATATGCCAGGTGCTGATTACCAATTGACTAAATTGTTGGGTTTAAGACCATCTGTTAAAAGATTGATGATGTACCAACAAGGTTGTTTCGCTGGTGGTACTGTTTTGAGATTGGCTAAAGATTTGGCTGAAAACAACAAAGGTGCTAGAGTTTTGGTTGTTTGTTCTGAAATTACTGCTGTTACTTTCAGAGGTCCATCTGATACTCATTTGGATAACTTGGTTGGTCAAGCTTTGTTCGGTGATGGTGCTGCTGCTATGATTATTGGTGCTGATCCAGATACTGCTGTTGAAAGACCAATTTTCCAATTGGTTTCTGCTGCTCAAACTATTTTGCCAGATTCTGATGGTGCTATTGATGGTCATTTGAGAGAAGTTGGTTTGACTTTCCATTTGTTGAAAGATGTTCCAGGTATTATTTCTAAAAACATTGAAAAATCTTTGGTTGAAGCTTTCGCTCCAGTTGGTATTTCTGATTGGAACTCTATTTTCTGGGTTGCTCATCCAGGTGGTCCAGCTATTTTGGATCAAGTTGAAGCTAAATTGGGTTTGAAAGAAGAAAAATTGAGATCTACTAGACATGTTTTGTCTGAATACGGTAACATGTCTTCTGCTTGTGTTTTGTTCATTTTGGATGAAATGAGAAAAAAATCTGTTGAAGAAGGTAGAGCTACTACTGGTGAAGGTTTGGAATGGGGTGTTTTGTTCGGTTTCGGTCCAGGTTTGACTGTTGAAACTGTTGTTTTGCATTCTGTTCCATTGCAAGGTTAAATCCTGAGACCG
SjCHS1_b	unknown organism	aa_seq_input	CGGTCTCATATGGTTTCTGTTCAAGAAATTAGAAAAGCT	CGGTCTCAGGATTTAAGCAGCAACAGAATGCAAAACAACAGT	ATGGTTTCTGTTCAAGAAATTAGAAAAGCTCAAAGAGCTGAAGGTCCAGCTAACATTTTCGCTATTGGTACTGCTACTCCACCAAACTGTGTTGATCAATCTACTTACCCAGATTACTACTTCAGAATTACTAACTCTGAAGATAAAACTGAATTGAAAGAAAAATTCCAAAGAATGTGTGATAAATCTATGATTAAAAAAAGATACATGCATTTGACTGAAGAAATTTTGAAAGAAAACCCAAACGTTTGTGCTTACATGGCTCCATCTTTGGATGCTAGACAAGATATGGTTGTTGTTGAAGTTCCAAAATTGGGTAAAGAAGCTGCTACTAAAGCTATTAAAGAATGGGGTCAACCAAAATCTAAAATTACTCATTTGATTTTCTGTACTACTTCTGGTGTTGATATGCCAGGTGCTGATTACCAATTGACTAAATTGTTGGGTTTAAGACCATACGTTAAAAGATACATGATGTACCAACAAGGTTGTTTCGCTGGTGGTACTGTTTTGAGATTGGCTAAAGATTTGGCTGAAAACAACAAAGGTGCTAGAGTTTTGGTTGTTTGTTCTGAAATTACTGCTGTTACTTTCAGAGGTCCATCTGATACTCATTTGGATAACTTGGTTGGTCAAGCTTTGTTCGGTGATGGTGCTGCTGCTTTGATTGTTGGTTCTGATCCATTGCCAGAAATTGAAAAACCAATTTTCGAATTGGTTTGGACTGCTCAAACTATTGCTCCAGATTCTGAAGGTGCTATTGATGGTCATTTGAGAGAAGTTGGTTTGACTTTCCATTTGTTGAAAGATGTTCCAGGTTTGGTTTCTAAAAACATTGATAAAGCTTTGGTTGAAGCTTTCCAACCATTGGGTATTTCTGATTACAACTCTTTGTTCTGGATTGCTCATCCAGGTGGTCCAGCTATTTTGGATCAAATTGAATTGAAATTGGGTTTGAAACCAGAAAAAATGAGAGCTACTAGACATGTTTTGTCTGAATACGGTAACATGTCTTCTGCTTGTGTTTTGTTCATTTTGGATGAAATGAGAAGAAAATCTGCTGAAGATGGTTTGAAAACTACTGGTGAAGGTTTGGAATGGGGTGTTTTGTTCGGTTTCGGTCCAGGTTTGACTATTGAAACTGTTGTTTTGCATTCTGTTGCTGCTTAA	CGGTCTCATATGGTTTCTGTTCAAGAAATTAGAAAAGCTCAAAGAGCTGAAGGTCCAGCTAACATTTTCGCTATTGGTACTGCTACTCCACCAAACTGTGTTGATCAATCTACTTACCCAGATTACTACTTCAGAATTACTAACTCTGAAGATAAAACTGAATTGAAAGAAAAATTCCAAAGAATGTGTGATAAATCTATGATTAAAAAAAGATACATGCATTTGACTGAAGAAATTTTGAAAGAAAACCCAAACGTTTGTGCTTACATGGCTCCATCTTTGGATGCTAGACAAGATATGGTTGTTGTTGAAGTTCCAAAATTGGGTAAAGAAGCTGCTACTAAAGCTATTAAAGAATGGGGTCAACCAAAATCTAAAATTACTCATTTGATTTTCTGTACTACTTCTGGTGTTGATATGCCAGGTGCTGATTACCAATTGACTAAATTGTTGGGTTTAAGACCATACGTTAAAAGATACATGATGTACCAACAAGGTTGTTTCGCTGGTGGTACTGTTTTGAGATTGGCTAAAGATTTGGCTGAAAACAACAAAGGTGCTAGAGTTTTGGTTGTTTGTTCTGAAATTACTGCTGTTACTTTCAGAGGTCCATCTGATACTCATTTGGATAACTTGGTTGGTCAAGCTTTGTTCGGTGATGGTGCTGCTGCTTTGATTGTTGGTTCTGATCCATTGCCAGAAATTGAAAAACCAATTTTCGAATTGGTTTGGACTGCTCAAACTATTGCTCCAGATTCTGAAGGTGCTATTGATGGTCATTTGAGAGAAGTTGGTTTGACTTTCCATTTGTTGAAAGATGTTCCAGGTTTGGTTTCTAAAAACATTGATAAAGCTTTGGTTGAAGCTTTCCAACCATTGGGTATTTCTGATTACAACTCTTTGTTCTGGATTGCTCATCCAGGTGGTCCAGCTATTTTGGATCAAATTGAATTGAAATTGGGTTTGAAACCAGAAAAAATGAGAGCTACTAGACATGTTTTGTCTGAATACGGTAACATGTCTTCTGCTTGTGTTTTGTTCATTTTGGATGAAATGAGAAGAAAATCTGCTGAAGATGGTTTGAAAACTACTGGTGAAGGTTTGGAATGGGGTGTTTTGTTCGGTTTCGGTCCAGGTTTGACTATTGAAACTGTTGTTTTGCATTCTGTTGCTGCTTAAATCCTGAGACCG
CHI	Medicago sativa	P28012_uniprot	CGGTCTCATATGGCTGCTTCTATTACTGCTATTACTGTT	CGGTCTCAGGATTTAGTTACCAATTTTGAAAGCACCTTCGTT	ATGGCTGCTTCTATTACTGCTATTACTGTTGAAAACTTGGAATACCCAGCTGTTGTTACTTCTCCAGTTACTGGTAAATCTTACTTCTTGGGTGGTGCTGGTGAAAGAGGTTTGACTATTGAAGGTAACTTCATTAAATTCACTGCTATTGGTGTTTACTTGGAAGATATTGCTGTTGCTTCTTTGGCTGCTAAATGGAAAGGTAAATCTTCTGAAGAATTGTTGGAAACTTTGGATTTCTACAGAGATATTATTTCTGGTCCATTCGAAAAATTGATTAGAGGTTCTAAAATTAGAGAATTGTCTGGTCCAGAATACTCTAGAAAAGTTATGGAAAACTGTGTTGCTCATTTGAAATCTGTTGGTACTTACGGTGATGCTGAAGCTGAAGCTATGCAAAAATTCGCTGAAGCTTTCAAACCAGTTAACTTCCCACCAGGTGCTTCTGTTTTCTACAGACAATCTCCAGATGGTATTTTGGGTTTGTCTTTCTCTCCAGATACTTCTATTCCAGAAAAAGAAGCTGCTTTGATTGAAAACAAAGCTGTTTCTTCTGCTGTTTTGGAAACTATGATTGGTGAACATGCTGTTTCTCCAGATTTGAAAAGATGTTTGGCTGCTAGATTGCCAGCTTTGTTGAACGAAGGTGCTTTCAAAATTGGTAACTAA	CGGTCTCATATGGCTGCTTCTATTACTGCTATTACTGTTGAAAACTTGGAATACCCAGCTGTTGTTACTTCTCCAGTTACTGGTAAATCTTACTTCTTGGGTGGTGCTGGTGAAAGAGGTTTGACTATTGAAGGTAACTTCATTAAATTCACTGCTATTGGTGTTTACTTGGAAGATATTGCTGTTGCTTCTTTGGCTGCTAAATGGAAAGGTAAATCTTCTGAAGAATTGTTGGAAACTTTGGATTTCTACAGAGATATTATTTCTGGTCCATTCGAAAAATTGATTAGAGGTTCTAAAATTAGAGAATTGTCTGGTCCAGAATACTCTAGAAAAGTTATGGAAAACTGTGTTGCTCATTTGAAATCTGTTGGTACTTACGGTGATGCTGAAGCTGAAGCTATGCAAAAATTCGCTGAAGCTTTCAAACCAGTTAACTTCCCACCAGGTGCTTCTGTTTTCTACAGACAATCTCCAGATGGTATTTTGGGTTTGTCTTTCTCTCCAGATACTTCTATTCCAGAAAAAGAAGCTGCTTTGATTGAAAACAAAGCTGTTTCTTCTGCTGTTTTGGAAACTATGATTGGTGAACATGCTGTTTCTCCAGATTTGAAAAGATGTTTGGCTGCTAGATTGCCAGCTTTGTTGAACGAAGGTGCTTTCAAAATTGGTAACTAAATCCTGAGACCG
ARO4	Saccharomyces cerevisiae (strain ATCC 204508 / S288c)	P32449_uniprot	CGGTCTCATATGTCTGAATCTCCAATGTTCGCTGCTAAC	CGGTCTCAGGATTTATTTTTTGTTAACTTCTCTTCTTTGTCT	ATGTCTGAATCTCCAATGTTCGCTGCTAACGGTATGCCAAAAGTTAACCAAGGTGCTGAAGAAGATGTTAGAATTTTGGGTTACGATCCATTGGCTTCTCCAGCTTTGTTGCAAGTTCAAATTCCAGCTACTCCAACTTCTTTGGAAACTGCTAAAAGAGGTAGAAGAGAAGCTATTGATATTATTACTGGTAAAGATGATAGAGTTTTGGTTATTGTTGGTCCATGTTCTATTCATGATTTGGAAGCTGCTCAAGAATACGCTTTGAGATTGAAAAAATTGTCTGATGAATTGAAAGGTGATTTGTCTATTATTATGAGAGCTTACTTGGAAAAACCAAGAACTACTGTTGGTTGGAAAGGTTTGATTAACGATCCAGATGTTAACAACACTTTCAACATTAACAAAGGTTTGCAATCTGCTAGACAATTGTTCGTTAACTTGACTAACATTGGTTTGCCAATTGGTTCTGAAATGTTGGATACTATTTCTCCACAATACTTGGCTGATTTGGTTTCTTTCGGTGCTATTGGTGCTAGAACTACTGAATCTCAATTGCATAGAGAATTGGCTTCTGGTTTGTCTTTCCCAGTTGGTTTCAAAAACGGTACTGATGGTACTTTGAACGTTGCTGTTGATGCTTGTCAAGCTGCTGCTCATTCTCATCATTTCATGGGTGTTACTTTGCATGGTGTTGCTGCTATTACTACTACTAAAGGTAACGAACATTGTTTCGTTATTTTGAGAGGTGGTAAAAAAGGTACTAACTACGATGCTAAATCTGTTGCTGAAGCTAAAGCTCAATTGCCAGCTGGTTCTAACGGTTTGATGATTGATTACTCTCATGGTAACTCTAACAAAGATTTCAGAAACCAACCAAAAGTTAACGATGTTGTTTGTGAACAAATTGCTAACGGTGAAAACGCTATTACTGGTGTTATGATTGAATCTAACATTAACGAAGGTAACCAAGGTATTCCAGCTGAAGGTAAAGCTGGTTTGAAATACGGTGTTTCTATTACTGATGCTTGTATTGGTTGGGAAACTACTGAAGATGTTTTGAGAAAATTGGCTGCTGCTGTTAGACAAAGAAGAGAAGTTAACAAAAAATAA	CGGTCTCATATGTCTGAATCTCCAATGTTCGCTGCTAACGGTATGCCAAAAGTTAACCAAGGTGCTGAAGAAGATGTTAGAATTTTGGGTTACGATCCATTGGCTTCTCCAGCTTTGTTGCAAGTTCAAATTCCAGCTACTCCAACTTCTTTGGAAACTGCTAAAAGAGGTAGAAGAGAAGCTATTGATATTATTACTGGTAAAGATGATAGAGTTTTGGTTATTGTTGGTCCATGTTCTATTCATGATTTGGAAGCTGCTCAAGAATACGCTTTGAGATTGAAAAAATTGTCTGATGAATTGAAAGGTGATTTGTCTATTATTATGAGAGCTTACTTGGAAAAACCAAGAACTACTGTTGGTTGGAAAGGTTTGATTAACGATCCAGATGTTAACAACACTTTCAACATTAACAAAGGTTTGCAATCTGCTAGACAATTGTTCGTTAACTTGACTAACATTGGTTTGCCAATTGGTTCTGAAATGTTGGATACTATTTCTCCACAATACTTGGCTGATTTGGTTTCTTTCGGTGCTATTGGTGCTAGAACTACTGAATCTCAATTGCATAGAGAATTGGCTTCTGGTTTGTCTTTCCCAGTTGGTTTCAAAAACGGTACTGATGGTACTTTGAACGTTGCTGTTGATGCTTGTCAAGCTGCTGCTCATTCTCATCATTTCATGGGTGTTACTTTGCATGGTGTTGCTGCTATTACTACTACTAAAGGTAACGAACATTGTTTCGTTATTTTGAGAGGTGGTAAAAAAGGTACTAACTACGATGCTAAATCTGTTGCTGAAGCTAAAGCTCAATTGCCAGCTGGTTCTAACGGTTTGATGATTGATTACTCTCATGGTAACTCTAACAAAGATTTCAGAAACCAACCAAAAGTTAACGATGTTGTTTGTGAACAAATTGCTAACGGTGAAAACGCTATTACTGGTGTTATGATTGAATCTAACATTAACGAAGGTAACCAAGGTATTCCAGCTGAAGGTAAAGCTGGTTTGAAATACGGTGTTTCTATTACTGATGCTTGTATTGGTTGGGAAACTACTGAAGATGTTTTGAGAAAATTGGCTGCTGCTGTTAGACAAAGAAGAGAAGTTAACAAAAAATAAATCCTGAGACCG
ARO7	Saccharomyces cerevisiae (strain ATCC 204508 / S288c)	P32178_uniprot	CGGTCTCATATGGATTTCACTAAACCAGAAACTGTTTTG	CGGTCTCAGGATTTATTCTTCCAATCTTCTCAACAAGTATTC	ATGGATTTCACTAAACCAGAAACTGTTTTGAACTTGCAAAACATTAGAGATGAATTGGTTAGAATGGAAGATTCTATTATTTTCAAATTCATTGAAAGATCTCATTTCGCTACTTGTCCATCTGTTTACGAAGCTAACCATCCAGGTTTGGAAATTCCAAACTTCAAAGGTTCTTTCTTGGATTGGGCTTTGTCTAACTTGGAAATTGCTCATTCTAGAATTAGAAGATTCGAATCTCCAGATGAAACTCCATTCTTCCCAGATAAAATTCAAAAATCTTTCTTGCCATCTATTAACTACCCACAAATTTTGGCTCCATACGCTCCAGAAGTTAACTACAACGATAAAATTAAAAAAGTTTACATTGAAAAAATTATTCCATTGATTTCTAAAAGAGATGGTGATGATAAAAACAACTTCTCTTCTGTTGCTACTAGAGATATTGAATGTTTGCAATCTTTGTCTAGAAGAATTCATTTCGGTAAATTCGTTGCTGAAGCTAAATTCCAATCTGATATTCCATTGTACACTAAATTGATTAAATCTAAAGATGTTGAAGGTATTATGAAAAACATTACTAACTCTGCTGTTGAAGAAAAAATTTTGGAAAGATTGACTAAAAAAGCTGAAGTTTACGGTGTTGATCCAACTAACGAATCTGGTGAAAGAAGAATTACTCCAGAATACTTGGTTAAAATTTACAAAGAAATTGTTATTCCAATTACTAAAGAAGTTGAAGTTGAATACTTGTTGAGAAGATTGGAAGAATAA	CGGTCTCATATGGATTTCACTAAACCAGAAACTGTTTTGAACTTGCAAAACATTAGAGATGAATTGGTTAGAATGGAAGATTCTATTATTTTCAAATTCATTGAAAGATCTCATTTCGCTACTTGTCCATCTGTTTACGAAGCTAACCATCCAGGTTTGGAAATTCCAAACTTCAAAGGTTCTTTCTTGGATTGGGCTTTGTCTAACTTGGAAATTGCTCATTCTAGAATTAGAAGATTCGAATCTCCAGATGAAACTCCATTCTTCCCAGATAAAATTCAAAAATCTTTCTTGCCATCTATTAACTACCCACAAATTTTGGCTCCATACGCTCCAGAAGTTAACTACAACGATAAAATTAAAAAAGTTTACATTGAAAAAATTATTCCATTGATTTCTAAAAGAGATGGTGATGATAAAAACAACTTCTCTTCTGTTGCTACTAGAGATATTGAATGTTTGCAATCTTTGTCTAGAAGAATTCATTTCGGTAAATTCGTTGCTGAAGCTAAATTCCAATCTGATATTCCATTGTACACTAAATTGATTAAATCTAAAGATGTTGAAGGTATTATGAAAAACATTACTAACTCTGCTGTTGAAGAAAAAATTTTGGAAAGATTGACTAAAAAAGCTGAAGTTTACGGTGTTGATCCAACTAACGAATCTGGTGAAAGAAGAATTACTCCAGAATACTTGGTTAAAATTTACAAAGAAATTGTTATTCCAATTACTAAAGAAGTTGAAGTTGAATACTTGTTGAGAAGATTGGAAGAATAAATCCTGAGACCG
ACC1	Saccharomyces cerevisiae (strain ATCC 204508 / S288c)	Q00955_uniprot	CGGTCTCATATGTCTGAAGAATCTTTGTTCGAATCTTCT	CGGTCTCAGGATTTATTTCAAAGTTTTCAACAATTTTTCTTT	ATGTCTGAAGAATCTTTGTTCGAATCTTCTCCACAAAAAATGGAATACGAAATTACTAACTACTCTGAAAGACATACTGAATTGCCAGGTCATTTCATTGGTTTGAACACTGTTGATAAATTGGAAGAATCTCCATTGAGAGATTTCGTTAAATCTCATGGTGGTCATACTGTTATTTCTAAAATTTTGATTGCTAACAACGGTATTGCTGCTGTTAAAGAAATTAGATCTGTTAGAAAATGGGCTTACGAAACTTTCGGTGATGATAGAACTGTTCAATTCGTTGCTATGGCTACTCCAGAAGATTTGGAAGCTAACGCTGAATACATTAGAATGGCTGATCAATACATTGAAGTTCCAGGTGGTACTAACAACAACAACTACGCTAACGTTGATTTGATTGTTGATATTGCTGAAAGAGCTGATGTTGATGCTGTTTGGGCTGGTTGGGGTCATGCTTCTGAAAACCCATTGTTGCCAGAAAAATTGTCTCAATCTAAAAGAAAAGTTATTTTCATTGGTCCACCAGGTAACGCTATGAGATCTTTGGGTGATAAAATTTCTTCTACTATTGTTGCTCAATCTGCTAAAGTTCCATGTATTCCATGGTCTGGTACTGGTGTTGATACTGTTCATGTTGATGAAAAAACTGGTTTGGTTTCTGTTGATGATGATATTTACCAAAAAGGTTGTTGTACTTCTCCAGAAGATGGTTTGCAAAAAGCTAAAAGAATTGGTTTCCCAGTTATGATTAAAGCTTCTGAAGGTGGTGGTGGTAAAGGTATTAGACAAGTTGAAAGAGAAGAAGATTTCATTGCTTTGTACCATCAAGCTGCTAACGAAATTCCAGGTTCTCCAATTTTCATTATGAAATTGGCTGGTAGAGCTAGACATTTGGAAGTTCAATTGTTGGCTGATCAATACGGTACTAACATTTCTTTGTTCGGTAGAGATTGTTCTGTTCAAAGAAGACATCAAAAAATTATTGAAGAAGCTCCAGTTACTATTGCTAAAGCTGAAACTTTCCATGAAATGGAAAAAGCTGCTGTTAGATTGGGTAAATTGGTTGGTTACGTTTCTGCTGGTACTGTTGAATACTTGTACTCTCATGATGATGGTAAATTCTACTTCTTGGAATTGAACCCAAGATTGCAAGTTGAACATCCAACTACTGAAATGGTTTCTGGTGTTAACTTGCCAGCTGCTCAATTGCAAATTGCTATGGGTATTCCAATGCATAGAATTTCTGATATTAGAACTTTGTACGGTATGAACCCACATTCTGCTTCTGAAATTGATTTCGAATTCAAAACTCAAGATGCTACTAAAAAACAAAGAAGACCAATTCCAAAAGGTCATTGTACTGCTTGTAGAATTACTTCTGAAGATCCAAACGATGGTTTCAAACCATCTGGTGGTACTTTGCATGAATTGAACTTCAGATCTTCTTCTAACGTTTGGGGTTACTTCTCTGTTGGTAACAACGGTAACATTCATTCTTTCTCTGATTCTCAATTCGGTCATATTTTCGCTTTCGGTGAAAACAGACAAGCTTCTAGAAAACATATGGTTGTTGCTTTGAAAGAATTGTCTATTAGAGGTGATTTCAGAACTACTGTTGAATACTTGATTAAATTGTTGGAAACTGAAGATTTCGAAGATAACACTATTACTACTGGTTGGTTGGATGATTTGATTACTCATAAAATGACTGCTGAAAAACCAGATCCAACTTTGGCTGTTATTTGTGGTGCTGCTACTAAAGCTTTCTTGGCTTCTGAAGAAGCTAGACATAAATACATTGAATCTTTGCAAAAAGGTCAAGTTTTGTCTAAAGATTTGTTGCAAACTATGTTCCCAGTTGATTTCATTCATGAAGGTAAAAGATACAAATTCACTGTTGCTAAATCTGGTAACGATAGATACACTTTGTTCATTAACGGTTCTAAATGTGATATTATTTTGAGACAATTGGCTGATGGTGGTTTGTTGATTGCTATTGGTGGTAAATCTCATACTATTTACTGGAAAGAAGAAGTTGCTGCTACTAGATTGTCTGTTGATTCTATGACTACTTTGTTGGAAGTTGAAAACGATCCAACTCAATTGAGAACTCCATCTCCAGGTAAATTGGTTAAATTCTTGGTTGAAAACGGTGAACATATTATTAAAGGTCAACCATACGCTGAAATTGAAGTTATGAAAATGCAAATGCCATTGGTTTCTCAAGAAAACGGTATTGTTCAATTGTTGAAACAACCAGGTTCTACTATTGTTGCTGGTGATATTATGGCTATTATGACTTTGGATGATCCATCTAAAGTTAAACATGCTTTGCCATTCGAAGGTATGTTGCCAGATTTCGGTTCTCCAGTTATTGAAGGTACTAAACCAGCTTACAAATTCAAATCTTTGGTTTCTACTTTGGAAAACATTTTGAAAGGTTACGATAACCAAGTTATTATGAACGCTTCTTTGCAACAATTGATTGAAGTTTTGAGAAACCCAAAATTGCCATACTCTGAATGGAAATTGCATATTTCTGCTTTGCATTCTAGATTGCCAGCTAAATTGGATGAACAAATGGAAGAATTGGTTGCTAGATCTTTGAGAAGAGGTGCTGTTTTCCCAGCTAGACAATTGTCTAAATTGATTGATATGGCTGTTAAAAACCCAGAATACAACCCAGATAAATTGTTGGGTGCTGTTGTTGAACCATTGGCTGATATTGCTCATAAATACTCTAACGGTTTGGAAGCTCATGAACATTCTATTTTCGTTCATTTCTTGGAAGAATACTACGAAGTTGAAAAATTGTTCAACGGTCCAAACGTTAGAGAAGAAAACATTATTTTGAAATTGAGAGATGAAAACCCAAAAGATTTGGATAAAGTTGCTTTGACTGTTTTGTCTCATTCTAAAGTTTCTGCTAAAAACAACTTGATTTTGGCTATTTTGAAACATTACCAACCATTGTGTAAATTGTCTTCTAAAGTTTCTGCTATTTTCTCTACTCCATTGCAACATATTGTTGAATTGGAATCTAAAGCTACTGCTAAAGTTGCTTTGCAAGCTAGAGAAATTTTGATTCAAGGTGCTTTGCCATCTGTTAAAGAAAGAACTGAACAAATTGAACATATTTTGAAATCTTCTGTTGTTAAAGTTGCTTACGGTTCTTCTAACCCAAAAAGATCTGAACCAGATTTGAACATTTTGAAAGATTTGATTGATTCTAACTACGTTGTTTTCGATGTTTTGTTGCAATTCTTGACTCATCAAGATCCAGTTGTTACTGCTGCTGCTGCTCAAGTTTACATTAGAAGAGCTTACAGAGCTTACACTATTGGTGATATTAGAGTTCATGAAGGTGTTACTGTTCCAATTGTTGAATGGAAATTCCAATTGCCATCTGCTGCTTTCTCTACTTTCCCAACTGTTAAATCTAAAATGGGTATGAACAGAGCTGTTGCTGTTTCTGATTTGTCTTACGTTGCTAACTCTCAATCTTCTCCATTGAGAGAAGGTATTTTGATGGCTGTTGATCATTTGGATGATGTTGATGAAATTTTGTCTCAATCTTTGGAAGTTATTCCAAGACATCAATCTTCTTCTAACGGTCCAGCTCCAGATAGATCTGGTTCTTCTGCTTCTTTGTCTAACGTTGCTAACGTTTGTGTTGCTTCTACTGAAGGTTTCGAATCTGAAGAAGAAATTTTGGTTAGATTGAGAGAAATTTTGGATTTGAACAAACAAGAATTGATTAACGCTTCTATTAGAAGAATTACTTTCATGTTCGGTTTCAAAGATGGTTCTTACCCAAAATACTACACTTTCAACGGTCCAAACTACAACGAAAACGAAACTATTAGACATATTGAACCAGCTTTGGCTTTCCAATTGGAATTGGGTAGATTGTCTAACTTCAACATTAAACCAATTTTCACTGATAACAGAAACATTCATGTTTACGAAGCTGTTTCTAAAACTTCTCCATTGGATAAAAGATTCTTCACTAGAGGTATTATTAGAACTGGTCATATTAGAGATGATATTTCTATTCAAGAATACTTGACTTCTGAAGCTAACAGATTGATGTCTGATATTTTGGATAACTTGGAAGTTACTGATACTTCTAACTCTGATTTGAACCATATTTTCATTAACTTCATTGCTGTTTTCGATATTTCTCCAGAAGATGTTGAAGCTGCTTTCGGTGGTTTCTTGGAAAGATTCGGTAAAAGATTGTTGAGATTGAGAGTTTCTTCTGCTGAAATTAGAATTATTATTAAAGATCCACAAACTGGTGCTCCAGTTCCATTGAGAGCTTTGATTAACAACGTTTCTGGTTACGTTATTAAAACTGAAATGTACACTGAAGTTAAAAACGCTAAAGGTGAATGGGTTTTCAAATCTTTGGGTAAACCAGGTTCTATGCATTTAAGACCAATTGCTACTCCATACCCAGTTAAAGAATGGTTGCAACCAAAAAGATACAAAGCTCATTTGATGGGTACTACTTACGTTTACGATTTCCCAGAATTGTTCAGACAAGCTTCTTCTTCTCAATGGAAAAACTTCTCTGCTGATGTTAAATTGACTGATGATTTCTTCATTTCTAACGAATTGATTGAAGATGAAAACGGTGAATTGACTGAAGTTGAAAGAGAACCAGGTGCTAACGCTATTGGTATGGTTGCTTTCAAAATTACTGTTAAAACTCCAGAATACCCAAGAGGTAGACAATTCGTTGTTGTTGCTAACGATATTACTTTCAAAATTGGTTCTTTCGGTCCACAAGAAGATGAATTCTTCAACAAAGTTACTGAATACGCTAGAAAAAGAGGTATTCCAAGAATTTACTTGGCTGCTAACTCTGGTGCTAGAATTGGTATGGCTGAAGAAATTGTTCCATTGTTCCAAGTTGCTTGGAACGATGCTGCTAACCCAGATAAAGGTTTCCAATACTTGTACTTGACTTCTGAAGGTATGGAAACTTTGAAAAAATTCGATAAAGAAAACTCTGTTTTGACTGAAAGAACTGTTATTAACGGTGAAGAAAGATTCGTTATTAAAACTATTATTGGTTCTGAAGATGGTTTGGGTGTTGAATGTTTGAGAGGTTCTGGTTTGATTGCTGGTGCTACTTCTAGAGCTTACCATGATATTTTCACTATTACTTTGGTTACTTGTAGATCTGTTGGTATTGGTGCTTACTTGGTTAGATTGGGTCAAAGAGCTATTCAAGTTGAAGGTCAACCAATTATTTTGACTGGTGCTCCAGCTATTAACAAAATGTTGGGTAGAGAAGTTTACACTTCTAACTTGCAATTGGGTGGTACTCAAATTATGTACAACAACGGTGTTTCTCATTTGACTGCTGTTGATGATTTGGCTGGTGTTGAAAAAATTGTTGAATGGATGTCTTACGTTCCAGCTAAAAGAAACATGCCAGTTCCAATTTTGGAAACTAAAGATACTTGGGATAGACCAGTTGATTTCACTCCAACTAACGATGAAACTTACGATGTTAGATGGATGATTGAAGGTAGAGAAACTGAATCTGGTTTCGAATACGGTTTGTTCGATAAAGGTTCTTTCTTCGAAACTTTGTCTGGTTGGGCTAAAGGTGTTGTTGTTGGTAGAGCTAGATTGGGTGGTATTCCATTGGGTGTTATTGGTGTTGAAACTAGAACTGTTGAAAACTTGATTCCAGCTGATCCAGCTAACCCAAACTCTGCTGAAACTTTGATTCAAGAACCAGGTCAAGTTTGGCATCCAAACTCTGCTTTCAAAACTGCTCAAGCTATTAACGATTTCAACAACGGTGAACAATTGCCAATGATGATTTTGGCTAACTGGAGAGGTTTCTCTGGTGGTCAAAGAGATATGTTCAACGAAGTTTTGAAATACGGTTCTTTCATTGTTGATGCTTTGGTTGATTACAAACAACCAATTATTATTTACATTCCACCAACTGGTGAATTGAGAGGTGGTTCTTGGGTTGTTGTTGATCCAACTATTAACGCTGATCAAATGGAAATGTACGCTGATGTTAACGCTAGAGCTGGTGTTTTGGAACCACAAGGTATGGTTGGTATTAAATTCAGAAGAGAAAAATTGTTGGATACTATGAACAGATTGGATGATAAATACAGAGAATTGAGATCTCAATTGTCTAACAAATCTTTGGCTCCAGAAGTTCATCAACAAATTTCTAAACAATTGGCTGATAGAGAAAGAGAATTGTTGCCAATTTACGGTCAAATTTCTTTGCAATTCGCTGATTTGCATGATAGATCTTCTAGAATGGTTGCTAAAGGTGTTATTTCTAAAGAATTGGAATGGACTGAAGCTAGAAGATTCTTCTTCTGGAGATTGAGAAGAAGATTGAACGAAGAATACTTGATTAAAAGATTGTCTCATCAAGTTGGTGAAGCTTCTAGATTGGAAAAAATTGCTAGAATTAGATCTTGGTACCCAGCTTCTGTTGATCATGAAGATGATAGACAAGTTGCTACTTGGATTGAAGAAAACTACAAAACTTTGGATGATAAATTGAAAGGTTTGAAATTGGAATCTTTCGCTCAAGATTTGGCTAAAAAAATTAGATCTGATCATGATAACGCTATTGATGGTTTGTCTGAAGTTATTAAAATGTTGTCTACTGATGATAAAGAAAAATTGTTGAAAACTTTGAAATAA	CGGTCTCATATGTCTGAAGAATCTTTGTTCGAATCTTCTCCACAAAAAATGGAATACGAAATTACTAACTACTCTGAAAGACATACTGAATTGCCAGGTCATTTCATTGGTTTGAACACTGTTGATAAATTGGAAGAATCTCCATTGAGAGATTTCGTTAAATCTCATGGTGGTCATACTGTTATTTCTAAAATTTTGATTGCTAACAACGGTATTGCTGCTGTTAAAGAAATTAGATCTGTTAGAAAATGGGCTTACGAAACTTTCGGTGATGATAGAACTGTTCAATTCGTTGCTATGGCTACTCCAGAAGATTTGGAAGCTAACGCTGAATACATTAGAATGGCTGATCAATACATTGAAGTTCCAGGTGGTACTAACAACAACAACTACGCTAACGTTGATTTGATTGTTGATATTGCTGAAAGAGCTGATGTTGATGCTGTTTGGGCTGGTTGGGGTCATGCTTCTGAAAACCCATTGTTGCCAGAAAAATTGTCTCAATCTAAAAGAAAAGTTATTTTCATTGGTCCACCAGGTAACGCTATGAGATCTTTGGGTGATAAAATTTCTTCTACTATTGTTGCTCAATCTGCTAAAGTTCCATGTATTCCATGGTCTGGTACTGGTGTTGATACTGTTCATGTTGATGAAAAAACTGGTTTGGTTTCTGTTGATGATGATATTTACCAAAAAGGTTGTTGTACTTCTCCAGAAGATGGTTTGCAAAAAGCTAAAAGAATTGGTTTCCCAGTTATGATTAAAGCTTCTGAAGGTGGTGGTGGTAAAGGTATTAGACAAGTTGAAAGAGAAGAAGATTTCATTGCTTTGTACCATCAAGCTGCTAACGAAATTCCAGGTTCTCCAATTTTCATTATGAAATTGGCTGGTAGAGCTAGACATTTGGAAGTTCAATTGTTGGCTGATCAATACGGTACTAACATTTCTTTGTTCGGTAGAGATTGTTCTGTTCAAAGAAGACATCAAAAAATTATTGAAGAAGCTCCAGTTACTATTGCTAAAGCTGAAACTTTCCATGAAATGGAAAAAGCTGCTGTTAGATTGGGTAAATTGGTTGGTTACGTTTCTGCTGGTACTGTTGAATACTTGTACTCTCATGATGATGGTAAATTCTACTTCTTGGAATTGAACCCAAGATTGCAAGTTGAACATCCAACTACTGAAATGGTTTCTGGTGTTAACTTGCCAGCTGCTCAATTGCAAATTGCTATGGGTATTCCAATGCATAGAATTTCTGATATTAGAACTTTGTACGGTATGAACCCACATTCTGCTTCTGAAATTGATTTCGAATTCAAAACTCAAGATGCTACTAAAAAACAAAGAAGACCAATTCCAAAAGGTCATTGTACTGCTTGTAGAATTACTTCTGAAGATCCAAACGATGGTTTCAAACCATCTGGTGGTACTTTGCATGAATTGAACTTCAGATCTTCTTCTAACGTTTGGGGTTACTTCTCTGTTGGTAACAACGGTAACATTCATTCTTTCTCTGATTCTCAATTCGGTCATATTTTCGCTTTCGGTGAAAACAGACAAGCTTCTAGAAAACATATGGTTGTTGCTTTGAAAGAATTGTCTATTAGAGGTGATTTCAGAACTACTGTTGAATACTTGATTAAATTGTTGGAAACTGAAGATTTCGAAGATAACACTATTACTACTGGTTGGTTGGATGATTTGATTACTCATAAAATGACTGCTGAAAAACCAGATCCAACTTTGGCTGTTATTTGTGGTGCTGCTACTAAAGCTTTCTTGGCTTCTGAAGAAGCTAGACATAAATACATTGAATCTTTGCAAAAAGGTCAAGTTTTGTCTAAAGATTTGTTGCAAACTATGTTCCCAGTTGATTTCATTCATGAAGGTAAAAGATACAAATTCACTGTTGCTAAATCTGGTAACGATAGATACACTTTGTTCATTAACGGTTCTAAATGTGATATTATTTTGAGACAATTGGCTGATGGTGGTTTGTTGATTGCTATTGGTGGTAAATCTCATACTATTTACTGGAAAGAAGAAGTTGCTGCTACTAGATTGTCTGTTGATTCTATGACTACTTTGTTGGAAGTTGAAAACGATCCAACTCAATTGAGAACTCCATCTCCAGGTAAATTGGTTAAATTCTTGGTTGAAAACGGTGAACATATTATTAAAGGTCAACCATACGCTGAAATTGAAGTTATGAAAATGCAAATGCCATTGGTTTCTCAAGAAAACGGTATTGTTCAATTGTTGAAACAACCAGGTTCTACTATTGTTGCTGGTGATATTATGGCTATTATGACTTTGGATGATCCATCTAAAGTTAAACATGCTTTGCCATTCGAAGGTATGTTGCCAGATTTCGGTTCTCCAGTTATTGAAGGTACTAAACCAGCTTACAAATTCAAATCTTTGGTTTCTACTTTGGAAAACATTTTGAAAGGTTACGATAACCAAGTTATTATGAACGCTTCTTTGCAACAATTGATTGAAGTTTTGAGAAACCCAAAATTGCCATACTCTGAATGGAAATTGCATATTTCTGCTTTGCATTCTAGATTGCCAGCTAAATTGGATGAACAAATGGAAGAATTGGTTGCTAGATCTTTGAGAAGAGGTGCTGTTTTCCCAGCTAGACAATTGTCTAAATTGATTGATATGGCTGTTAAAAACCCAGAATACAACCCAGATAAATTGTTGGGTGCTGTTGTTGAACCATTGGCTGATATTGCTCATAAATACTCTAACGGTTTGGAAGCTCATGAACATTCTATTTTCGTTCATTTCTTGGAAGAATACTACGAAGTTGAAAAATTGTTCAACGGTCCAAACGTTAGAGAAGAAAACATTATTTTGAAATTGAGAGATGAAAACCCAAAAGATTTGGATAAAGTTGCTTTGACTGTTTTGTCTCATTCTAAAGTTTCTGCTAAAAACAACTTGATTTTGGCTATTTTGAAACATTACCAACCATTGTGTAAATTGTCTTCTAAAGTTTCTGCTATTTTCTCTACTCCATTGCAACATATTGTTGAATTGGAATCTAAAGCTACTGCTAAAGTTGCTTTGCAAGCTAGAGAAATTTTGATTCAAGGTGCTTTGCCATCTGTTAAAGAAAGAACTGAACAAATTGAACATATTTTGAAATCTTCTGTTGTTAAAGTTGCTTACGGTTCTTCTAACCCAAAAAGATCTGAACCAGATTTGAACATTTTGAAAGATTTGATTGATTCTAACTACGTTGTTTTCGATGTTTTGTTGCAATTCTTGACTCATCAAGATCCAGTTGTTACTGCTGCTGCTGCTCAAGTTTACATTAGAAGAGCTTACAGAGCTTACACTATTGGTGATATTAGAGTTCATGAAGGTGTTACTGTTCCAATTGTTGAATGGAAATTCCAATTGCCATCTGCTGCTTTCTCTACTTTCCCAACTGTTAAATCTAAAATGGGTATGAACAGAGCTGTTGCTGTTTCTGATTTGTCTTACGTTGCTAACTCTCAATCTTCTCCATTGAGAGAAGGTATTTTGATGGCTGTTGATCATTTGGATGATGTTGATGAAATTTTGTCTCAATCTTTGGAAGTTATTCCAAGACATCAATCTTCTTCTAACGGTCCAGCTCCAGATAGATCTGGTTCTTCTGCTTCTTTGTCTAACGTTGCTAACGTTTGTGTTGCTTCTACTGAAGGTTTCGAATCTGAAGAAGAAATTTTGGTTAGATTGAGAGAAATTTTGGATTTGAACAAACAAGAATTGATTAACGCTTCTATTAGAAGAATTACTTTCATGTTCGGTTTCAAAGATGGTTCTTACCCAAAATACTACACTTTCAACGGTCCAAACTACAACGAAAACGAAACTATTAGACATATTGAACCAGCTTTGGCTTTCCAATTGGAATTGGGTAGATTGTCTAACTTCAACATTAAACCAATTTTCACTGATAACAGAAACATTCATGTTTACGAAGCTGTTTCTAAAACTTCTCCATTGGATAAAAGATTCTTCACTAGAGGTATTATTAGAACTGGTCATATTAGAGATGATATTTCTATTCAAGAATACTTGACTTCTGAAGCTAACAGATTGATGTCTGATATTTTGGATAACTTGGAAGTTACTGATACTTCTAACTCTGATTTGAACCATATTTTCATTAACTTCATTGCTGTTTTCGATATTTCTCCAGAAGATGTTGAAGCTGCTTTCGGTGGTTTCTTGGAAAGATTCGGTAAAAGATTGTTGAGATTGAGAGTTTCTTCTGCTGAAATTAGAATTATTATTAAAGATCCACAAACTGGTGCTCCAGTTCCATTGAGAGCTTTGATTAACAACGTTTCTGGTTACGTTATTAAAACTGAAATGTACACTGAAGTTAAAAACGCTAAAGGTGAATGGGTTTTCAAATCTTTGGGTAAACCAGGTTCTATGCATTTAAGACCAATTGCTACTCCATACCCAGTTAAAGAATGGTTGCAACCAAAAAGATACAAAGCTCATTTGATGGGTACTACTTACGTTTACGATTTCCCAGAATTGTTCAGACAAGCTTCTTCTTCTCAATGGAAAAACTTCTCTGCTGATGTTAAATTGACTGATGATTTCTTCATTTCTAACGAATTGATTGAAGATGAAAACGGTGAATTGACTGAAGTTGAAAGAGAACCAGGTGCTAACGCTATTGGTATGGTTGCTTTCAAAATTACTGTTAAAACTCCAGAATACCCAAGAGGTAGACAATTCGTTGTTGTTGCTAACGATATTACTTTCAAAATTGGTTCTTTCGGTCCACAAGAAGATGAATTCTTCAACAAAGTTACTGAATACGCTAGAAAAAGAGGTATTCCAAGAATTTACTTGGCTGCTAACTCTGGTGCTAGAATTGGTATGGCTGAAGAAATTGTTCCATTGTTCCAAGTTGCTTGGAACGATGCTGCTAACCCAGATAAAGGTTTCCAATACTTGTACTTGACTTCTGAAGGTATGGAAACTTTGAAAAAATTCGATAAAGAAAACTCTGTTTTGACTGAAAGAACTGTTATTAACGGTGAAGAAAGATTCGTTATTAAAACTATTATTGGTTCTGAAGATGGTTTGGGTGTTGAATGTTTGAGAGGTTCTGGTTTGATTGCTGGTGCTACTTCTAGAGCTTACCATGATATTTTCACTATTACTTTGGTTACTTGTAGATCTGTTGGTATTGGTGCTTACTTGGTTAGATTGGGTCAAAGAGCTATTCAAGTTGAAGGTCAACCAATTATTTTGACTGGTGCTCCAGCTATTAACAAAATGTTGGGTAGAGAAGTTTACACTTCTAACTTGCAATTGGGTGGTACTCAAATTATGTACAACAACGGTGTTTCTCATTTGACTGCTGTTGATGATTTGGCTGGTGTTGAAAAAATTGTTGAATGGATGTCTTACGTTCCAGCTAAAAGAAACATGCCAGTTCCAATTTTGGAAACTAAAGATACTTGGGATAGACCAGTTGATTTCACTCCAACTAACGATGAAACTTACGATGTTAGATGGATGATTGAAGGTAGAGAAACTGAATCTGGTTTCGAATACGGTTTGTTCGATAAAGGTTCTTTCTTCGAAACTTTGTCTGGTTGGGCTAAAGGTGTTGTTGTTGGTAGAGCTAGATTGGGTGGTATTCCATTGGGTGTTATTGGTGTTGAAACTAGAACTGTTGAAAACTTGATTCCAGCTGATCCAGCTAACCCAAACTCTGCTGAAACTTTGATTCAAGAACCAGGTCAAGTTTGGCATCCAAACTCTGCTTTCAAAACTGCTCAAGCTATTAACGATTTCAACAACGGTGAACAATTGCCAATGATGATTTTGGCTAACTGGAGAGGTTTCTCTGGTGGTCAAAGAGATATGTTCAACGAAGTTTTGAAATACGGTTCTTTCATTGTTGATGCTTTGGTTGATTACAAACAACCAATTATTATTTACATTCCACCAACTGGTGAATTGAGAGGTGGTTCTTGGGTTGTTGTTGATCCAACTATTAACGCTGATCAAATGGAAATGTACGCTGATGTTAACGCTAGAGCTGGTGTTTTGGAACCACAAGGTATGGTTGGTATTAAATTCAGAAGAGAAAAATTGTTGGATACTATGAACAGATTGGATGATAAATACAGAGAATTGAGATCTCAATTGTCTAACAAATCTTTGGCTCCAGAAGTTCATCAACAAATTTCTAAACAATTGGCTGATAGAGAAAGAGAATTGTTGCCAATTTACGGTCAAATTTCTTTGCAATTCGCTGATTTGCATGATAGATCTTCTAGAATGGTTGCTAAAGGTGTTATTTCTAAAGAATTGGAATGGACTGAAGCTAGAAGATTCTTCTTCTGGAGATTGAGAAGAAGATTGAACGAAGAATACTTGATTAAAAGATTGTCTCATCAAGTTGGTGAAGCTTCTAGATTGGAAAAAATTGCTAGAATTAGATCTTGGTACCCAGCTTCTGTTGATCATGAAGATGATAGACAAGTTGCTACTTGGATTGAAGAAAACTACAAAACTTTGGATGATAAATTGAAAGGTTTGAAATTGGAATCTTTCGCTCAAGATTTGGCTAAAAAAATTAGATCTGATCATGATAACGCTATTGATGGTTTGTCTGAAGTTATTAAAATGTTGTCTACTGATGATAAAGAAAAATTGTTGAAAACTTTGAAATAAATCCTGAGACCG
